Country Name,Country Code,Series,Series Code,1980 [YR1980],1981 [YR1981],1982 [YR1982],1983 [YR1983],1984 [YR1984],1985 [YR1985],1986 [YR1986],1987 [YR1987],1988 [YR1988],1989 [YR1989],1990 [YR1990],1991 [YR1991],1992 [YR1992],1993 [YR1993],1994 [YR1994],1995 [YR1995],1996 [YR1996],1997 [YR1997],1998 [YR1998],1999 [YR1999],2000 [YR2000],2001 [YR2001],2002 [YR2002],2003 [YR2003],2004 [YR2004],2005 [YR2005],2006 [YR2006],2007 [YR2007],2008 [YR2008],2009 [YR2009],2010 [YR2010],2011 [YR2011],2012 [YR2012],2013 [YR2013],2014 [YR2014],2015 [YR2015],2016 [YR2016],2017 [YR2017],2018 [YR2018],2019 [YR2019],2020 [YR2020]
Afghanistan,AFG,"Adult literacy rate, population 15+ years, adjusted location parity index (LPIA)",UIS.LR.AG15T99.LPIA,..,..,..,..,..,..,..,..,..,..,..,..,..,..,..,..,..,..,..,..,..,..,..,..,..,..,..,..,..,..,..,0.44478,..,..,..,..,..,..,..,..,..
Albania,ALB,"Adult literacy rate, population 15+ years, adjusted location parity index (LPIA)",UIS.LR.AG15T99.LPIA,..,..,..,..,..,..,..,..,..,..,..,..,..,..,..,..,..,..,..,..,..,..,..,..,..,..,..,..,0.96574,..,..,0.98363,0.97876,..,..,..,..,..,..,..,..
Algeria,DZA,"Adult literacy rate, population 15+ years, adjusted location parity index (LPIA)",UIS.LR.AG15T99.LPIA,..,..,..,..,..,..,..,..,..,..,..,..,..,..,..,..,..,..,..,..,..,..,0.76121,..,..,..,0.80408,..,0.79677,..,..,..,..,..,..,..,..,..,..,..,..
American Samoa,ASM,"Adult literacy rate, population 15+ years, adjusted location parity index (LPIA)",UIS.LR.AG15T99.LPIA,..,..,..,..,..,..,..,..,..,..,..,..,..,..,..,..,..,..,..,..,..,..,..,..,..,..,..,..,..,..,..,..,..,..,..,..,..,..,..,..,..
Andorra,AND,"Adult literacy rate, population 15+ years, adjusted location parity index (LPIA)",UIS.LR.AG15T99.LPIA,..,..,..,..,..,..,..,..,..,..,..,..,..,..,..,..,..,..,..,..,..,..,..,..,..,..,..,..,..,..,..,..,..,..,..,..,..,..,..,..,..
Angola,AGO,"Adult literacy rate, population 15+ years, adjusted location parity index (LPIA)",UIS.LR.AG15T99.LPIA,..,..,..,..,..,..,..,..,..,..,..,..,..,..,..,..,..,..,..,..,..,..,..,..,..,..,..,..,..,..,..,..,..,..,0.51763,..,..,..,..,..,..
Antigua and Barbuda,ATG,"Adult literacy rate, population 15+ years, adjusted location parity index (LPIA)",UIS.LR.AG15T99.LPIA,..,..,..,..,..,..,..,..,..,..,..,..,..,..,..,..,..,..,..,..,..,..,..,..,..,..,..,..,..,..,..,..,..,..,..,..,..,..,..,..,..
Arab World,ARB,"Adult literacy rate, population 15+ years, adjusted location parity index (LPIA)",UIS.LR.AG15T99.LPIA,..,..,..,..,..,..,..,..,..,..,..,..,..,..,..,..,..,..,..,..,..,..,..,..,..,..,..,..,..,..,..,..,..,..,..,..,..,..,..,..,..
Argentina,ARG,"Adult literacy rate, population 15+ years, adjusted location parity index (LPIA)",UIS.LR.AG15T99.LPIA,..,..,..,..,..,..,..,..,..,..,..,0.90424,..,..,..,..,..,..,..,..,..,0.9334,..,..,..,..,..,..,..,..,..,..,..,..,..,..,..,..,..,..,..
Armenia,ARM,"Adult literacy rate, population 15+ years, adjusted location parity index (LPIA)",UIS.LR.AG15T99.LPIA,..,..,..,..,..,..,..,..,..,0.989,..,..,..,..,..,..,..,..,..,..,..,0.99273,..,..,..,..,..,..,..,..,..,0.99665,..,..,..,..,..,0.99678,..,..,..
Aruba,ABW,"Adult literacy rate, population 15+ years, adjusted location parity index (LPIA)",UIS.LR.AG15T99.LPIA,..,..,..,..,..,..,..,..,..,..,..,..,..,..,..,..,..,..,..,..,..,..,..,..,..,..,..,..,..,..,..,..,..,..,..,..,..,..,..,..,..
Australia,AUS,"Adult literacy rate, population 15+ years, adjusted location parity index (LPIA)",UIS.LR.AG15T99.LPIA,..,..,..,..,..,..,..,..,..,..,..,..,..,..,..,..,..,..,..,..,..,..,..,..,..,..,..,..,..,..,..,..,..,..,..,..,..,..,..,..,..
Austria,AUT,"Adult literacy rate, population 15+ years, adjusted location parity index (LPIA)",UIS.LR.AG15T99.LPIA,..,..,..,..,..,..,..,..,..,..,..,..,..,..,..,..,..,..,..,..,..,..,..,..,..,..,..,..,..,..,..,..,..,..,..,..,..,..,..,..,..
Azerbaijan,AZE,"Adult literacy rate, population 15+ years, adjusted location parity index (LPIA)",UIS.LR.AG15T99.LPIA,..,..,..,..,..,..,..,..,..,..,..,..,..,..,..,..,..,..,..,0.99241,..,..,..,..,..,..,..,0.9954,..,1.00042,1.00037,1.00035,1.00044,1.00017,1.00016,1.00012,1.00012,1.00014,..,..,..
"Bahamas, The",BHS,"Adult literacy rate, population 15+ years, adjusted location parity index (LPIA)",UIS.LR.AG15T99.LPIA,..,..,..,..,..,..,..,..,..,..,..,..,..,..,..,..,..,..,..,..,..,..,..,..,..,..,..,..,..,..,..,..,..,..,..,..,..,..,..,..,..
Bahrain,BHR,"Adult literacy rate, population 15+ years, adjusted location parity index (LPIA)",UIS.LR.AG15T99.LPIA,..,..,..,..,..,..,..,..,..,..,..,..,..,..,..,..,..,..,..,..,..,..,..,..,..,..,..,..,..,..,..,..,..,..,..,..,..,..,..,..,..
Bangladesh,BGD,"Adult literacy rate, population 15+ years, adjusted location parity index (LPIA)",UIS.LR.AG15T99.LPIA,..,0.52859,..,..,..,..,..,..,..,..,..,0.55336,..,..,..,..,..,..,..,..,..,0.65108,..,..,..,..,..,..,..,..,..,0.73623,0.72073,0.76953,0.76606,0.76217,0.81387,0.81577,0.82361,0.83202,..
Barbados,BRB,"Adult literacy rate, population 15+ years, adjusted location parity index (LPIA)",UIS.LR.AG15T99.LPIA,..,..,..,..,..,..,..,..,..,..,..,..,..,..,..,..,..,..,..,..,..,..,..,..,..,..,..,..,..,..,..,..,..,..,..,..,..,..,..,..,..
Belarus,BLR,"Adult literacy rate, population 15+ years, adjusted location parity index (LPIA)",UIS.LR.AG15T99.LPIA,..,..,..,..,..,..,..,..,..,..,..,..,..,..,..,..,..,..,..,0.99213,..,..,..,..,..,..,..,..,..,0.99106,..,..,..,..,..,..,..,..,..,..,..
Belgium,BEL,"Adult literacy rate, population 15+ years, adjusted location parity index (LPIA)",UIS.LR.AG15T99.LPIA,..,..,..,..,..,..,..,..,..,..,..,..,..,..,..,..,..,..,..,..,..,..,..,..,..,..,..,..,..,..,..,..,..,..,..,..,..,..,..,..,..
Belize,BLZ,"Adult literacy rate, population 15+ years, adjusted location parity index (LPIA)",UIS.LR.AG15T99.LPIA,..,..,..,..,..,..,..,..,..,..,..,..,..,..,..,..,..,..,..,..,0.7944,..,..,..,..,..,..,..,..,..,..,..,..,..,..,..,..,..,..,..,..
Benin,BEN,"Adult literacy rate, population 15+ years, adjusted location parity index (LPIA)",UIS.LR.AG15T99.LPIA,..,..,..,..,..,..,..,..,..,..,..,..,..,..,..,..,..,..,..,..,..,..,0.39159,..,..,..,..,..,..,..,..,..,..,..,..,..,..,..,..,..,..
Bermuda,BMU,"Adult literacy rate, population 15+ years, adjusted location parity index (LPIA)",UIS.LR.AG15T99.LPIA,..,..,..,..,..,..,..,..,..,..,..,..,..,..,..,..,..,..,..,..,..,..,..,..,..,..,..,..,..,..,..,..,..,..,..,..,..,..,..,..,..
Bhutan,BTN,"Adult literacy rate, population 15+ years, adjusted location parity index (LPIA)",UIS.LR.AG15T99.LPIA,..,..,..,..,..,..,..,..,..,..,..,..,..,..,..,..,..,..,..,..,..,..,..,..,..,0.61636,..,..,..,..,..,..,0.62935,..,..,..,..,0.69797,..,..,..
Bolivia,BOL,"Adult literacy rate, population 15+ years, adjusted location parity index (LPIA)",UIS.LR.AG15T99.LPIA,..,..,..,..,..,..,..,..,..,..,..,..,0.69726,..,..,..,..,..,..,..,..,0.79344,..,..,..,..,..,0.83362,0.83337,0.86243,..,0.85976,0.90555,..,..,0.86884,..,..,..,..,..
Bosnia and Herzegovina,BIH,"Adult literacy rate, population 15+ years, adjusted location parity index (LPIA)",UIS.LR.AG15T99.LPIA,..,..,..,..,..,..,..,..,..,..,..,..,..,..,..,..,..,..,..,..,..,..,..,..,..,..,..,..,..,..,..,..,..,0.97294,..,..,..,..,..,..,..
Botswana,BWA,"Adult literacy rate, population 15+ years, adjusted location parity index (LPIA)",UIS.LR.AG15T99.LPIA,..,..,..,..,..,..,..,..,..,..,..,..,..,..,..,..,..,..,..,..,..,..,..,..,..,..,..,..,..,..,..,..,..,..,..,..,..,..,..,..,..
Brazil,BRA,"Adult literacy rate, population 15+ years, adjusted location parity index (LPIA)",UIS.LR.AG15T99.LPIA,0.64645,..,..,..,..,..,..,..,..,..,..,..,..,..,..,..,..,..,..,..,..,..,..,..,0.81266,..,0.82326,0.83012,0.8271,0.83397,0.82854,0.84332,0.84449,0.84701,0.85249,0.85212,0.86361,0.86856,0.86948,..,..
British Virgin Islands,VGB,"Adult literacy rate, population 15+ years, adjusted location parity index (LPIA)",UIS.LR.AG15T99.LPIA,..,..,..,..,..,..,..,..,..,..,..,..,..,..,..,..,..,..,..,..,..,..,..,..,..,..,..,..,..,..,..,..,..,..,..,..,..,..,..,..,..
Brunei Darussalam,BRN,"Adult literacy rate, population 15+ years, adjusted location parity index (LPIA)",UIS.LR.AG15T99.LPIA,..,..,..,..,..,..,..,..,..,..,..,..,..,..,..,..,..,..,..,..,..,..,..,..,..,..,..,..,..,..,..,0.9757,..,..,..,..,..,..,..,..,..
Bulgaria,BGR,"Adult literacy rate, population 15+ years, adjusted location parity index (LPIA)",UIS.LR.AG15T99.LPIA,..,..,..,..,..,..,..,..,..,..,..,..,..,..,..,..,..,..,..,..,..,0.97916,..,..,..,..,..,..,..,..,..,0.97951,..,..,..,..,..,..,..,..,..
Burkina Faso,BFA,"Adult literacy rate, population 15+ years, adjusted location parity index (LPIA)",UIS.LR.AG15T99.LPIA,..,..,..,..,..,..,..,..,..,..,..,0.17336,..,..,..,..,0.1681,..,..,..,..,..,..,0.22242,..,0.24519,0.2144,0.30501,..,..,..,..,..,..,0.3653,..,..,..,..,..,..
Burundi,BDI,"Adult literacy rate, population 15+ years, adjusted location parity index (LPIA)",UIS.LR.AG15T99.LPIA,..,..,..,..,..,..,..,..,..,..,..,..,..,..,..,..,..,..,..,..,..,..,..,..,..,..,..,..,0.64604,..,..,..,..,..,0.69762,..,..,0.74898,..,..,..
Cabo Verde,CPV,"Adult literacy rate, population 15+ years, adjusted location parity index (LPIA)",UIS.LR.AG15T99.LPIA,..,..,..,..,..,..,..,..,..,..,..,..,..,..,..,..,..,..,..,..,..,..,..,..,..,..,..,..,..,..,..,..,0.88516,..,..,0.89916,..,..,..,..,..
Cambodia,KHM,"Adult literacy rate, population 15+ years, adjusted location parity index (LPIA)",UIS.LR.AG15T99.LPIA,..,..,..,..,..,..,..,..,..,..,..,..,..,..,..,..,..,..,..,..,..,..,..,..,0.85477,..,..,..,0.82404,0.81361,..,..,..,..,0.82293,0.84326,..,..,..,..,..
Cameroon,CMR,"Adult literacy rate, population 15+ years, adjusted location parity index (LPIA)",UIS.LR.AG15T99.LPIA,..,..,..,..,..,..,..,..,..,..,..,..,..,..,..,..,..,..,..,..,..,..,..,..,..,..,..,0.66212,..,..,0.63637,..,..,..,..,..,..,..,..,..,..
Canada,CAN,"Adult literacy rate, population 15+ years, adjusted location parity index (LPIA)",UIS.LR.AG15T99.LPIA,..,..,..,..,..,..,..,..,..,..,..,..,..,..,..,..,..,..,..,..,..,..,..,..,..,..,..,..,..,..,..,..,..,..,..,..,..,..,..,..,..
Caribbean small states,CSS,"Adult literacy rate, population 15+ years, adjusted location parity index (LPIA)",UIS.LR.AG15T99.LPIA,..,..,..,..,..,..,..,..,..,..,..,..,..,..,..,..,..,..,..,..,..,..,..,..,..,..,..,..,..,..,..,..,..,..,..,..,..,..,..,..,..
Cayman Islands,CYM,"Adult literacy rate, population 15+ years, adjusted location parity index (LPIA)",UIS.LR.AG15T99.LPIA,..,..,..,..,..,..,..,..,..,..,..,..,..,..,..,..,..,..,..,..,..,..,..,..,..,..,..,..,..,..,..,..,..,..,..,..,..,..,..,..,..
Central African Republic,CAF,"Adult literacy rate, population 15+ years, adjusted location parity index (LPIA)",UIS.LR.AG15T99.LPIA,..,..,..,..,..,..,..,..,..,..,..,..,..,..,..,..,..,..,..,..,..,..,..,..,..,..,..,..,..,..,..,..,..,..,..,..,..,..,..,..,..
Central Europe and the Baltics,CEB,"Adult literacy rate, population 15+ years, adjusted location parity index (LPIA)",UIS.LR.AG15T99.LPIA,..,..,..,..,..,..,..,..,..,..,..,..,..,..,..,..,..,..,..,..,..,..,..,..,..,..,..,..,..,..,..,..,..,..,..,..,..,..,..,..,..
Chad,TCD,"Adult literacy rate, population 15+ years, adjusted location parity index (LPIA)",UIS.LR.AG15T99.LPIA,..,..,..,..,..,..,..,..,..,..,..,..,..,..,..,..,..,..,..,..,..,..,..,..,0.29931,..,..,..,..,..,..,..,..,..,..,..,0.32797,..,..,..,..
Channel Islands,CHI,"Adult literacy rate, population 15+ years, adjusted location parity index (LPIA)",UIS.LR.AG15T99.LPIA,..,..,..,..,..,..,..,..,..,..,..,..,..,..,..,..,..,..,..,..,..,..,..,..,..,..,..,..,..,..,..,..,..,..,..,..,..,..,..,..,..
Chile,CHL,"Adult literacy rate, population 15+ years, adjusted location parity index (LPIA)",UIS.LR.AG15T99.LPIA,..,..,..,..,..,..,..,..,..,..,..,..,..,..,..,..,..,..,..,..,..,..,0.91211,..,..,..,..,..,0.94944,0.94569,0.94749,0.93613,..,0.9289,..,0.9448,..,0.94404,..,..,..
China,CHN,"Adult literacy rate, population 15+ years, adjusted location parity index (LPIA)",UIS.LR.AG15T99.LPIA,..,..,..,..,..,..,..,..,..,..,0.838,..,..,..,..,..,..,..,..,..,..,..,..,..,..,..,..,..,..,..,..,..,..,..,..,..,..,..,..,..,..
Colombia,COL,"Adult literacy rate, population 15+ years, adjusted location parity index (LPIA)",UIS.LR.AG15T99.LPIA,..,..,..,..,..,..,..,..,..,..,..,..,..,0.85971,..,..,0.84707,..,..,..,..,..,..,..,..,0.88527,0.88514,0.88673,0.88827,0.89576,0.89882,0.89641,..,..,0.90456,0.90183,0.91076,..,0.91521,..,..
Comoros,COM,"Adult literacy rate, population 15+ years, adjusted location parity index (LPIA)",UIS.LR.AG15T99.LPIA,..,..,..,..,..,..,..,..,..,..,..,..,..,..,..,..,..,..,..,..,..,..,..,..,..,..,..,..,..,..,..,..,..,..,..,..,..,..,..,..,..
"Congo, Dem. Rep.",COD,"Adult literacy rate, population 15+ years, adjusted location parity index (LPIA)",UIS.LR.AG15T99.LPIA,..,..,..,..,..,..,..,..,..,..,..,..,..,..,..,..,..,..,..,..,..,..,..,..,..,..,..,..,..,..,..,..,0.73459,..,..,..,0.73827,..,..,..,..
"Congo, Rep.",COG,"Adult literacy rate, population 15+ years, adjusted location parity index (LPIA)",UIS.LR.AG15T99.LPIA,..,..,..,..,..,..,..,..,..,..,..,..,..,..,..,..,..,..,..,..,..,..,..,..,..,..,..,..,..,..,..,..,..,..,..,..,..,..,..,..,..
Costa Rica,CRI,"Adult literacy rate, population 15+ years, adjusted location parity index (LPIA)",UIS.LR.AG15T99.LPIA,..,..,..,..,..,..,..,..,..,..,..,..,..,..,..,..,..,..,..,..,0.94104,..,..,..,..,..,..,..,..,..,..,0.97016,..,..,..,..,..,..,..,..,..
Cote d'Ivoire,CIV,"Adult literacy rate, population 15+ years, adjusted location parity index (LPIA)",UIS.LR.AG15T99.LPIA,..,..,..,..,..,..,..,..,..,..,..,..,..,..,..,..,..,..,..,..,..,..,..,..,..,..,..,..,..,..,..,..,..,..,0.49853,..,..,..,..,..,..
Croatia,HRV,"Adult literacy rate, population 15+ years, adjusted location parity index (LPIA)",UIS.LR.AG15T99.LPIA,..,..,..,..,..,..,..,..,..,..,..,0.9594,..,..,..,..,..,..,..,..,..,0.9803,..,..,..,..,..,..,..,..,..,0.99139,..,..,..,..,..,..,..,..,..
Cuba,CUB,"Adult literacy rate, population 15+ years, adjusted location parity index (LPIA)",UIS.LR.AG15T99.LPIA,..,..,..,..,..,..,..,..,..,..,..,..,..,..,..,..,..,..,..,..,..,..,0.99714,..,..,..,..,..,..,..,..,..,0.99708,..,..,..,..,..,..,..,..
Curacao,CUW,"Adult literacy rate, population 15+ years, adjusted location parity index (LPIA)",UIS.LR.AG15T99.LPIA,..,..,..,..,..,..,..,..,..,..,..,..,..,..,..,..,..,..,..,..,..,..,..,..,..,..,..,..,..,..,..,..,..,..,..,..,..,..,..,..,..
Cyprus,CYP,"Adult literacy rate, population 15+ years, adjusted location parity index (LPIA)",UIS.LR.AG15T99.LPIA,..,..,..,..,..,..,..,..,..,..,..,..,..,..,..,..,..,..,..,..,..,0.96772,..,..,..,..,..,..,..,..,..,0.99097,..,..,..,..,..,..,..,..,..
Czech Republic,CZE,"Adult literacy rate, population 15+ years, adjusted location parity index (LPIA)",UIS.LR.AG15T99.LPIA,..,..,..,..,..,..,..,..,..,..,..,..,..,..,..,..,..,..,..,..,..,..,..,..,..,..,..,..,..,..,..,..,..,..,..,..,0.9993,..,..,..,..
Denmark,DNK,"Adult literacy rate, population 15+ years, adjusted location parity index (LPIA)",UIS.LR.AG15T99.LPIA,..,..,..,..,..,..,..,..,..,..,..,..,..,..,..,..,..,..,..,..,..,..,..,..,..,..,..,..,..,..,..,..,..,..,..,..,..,..,..,..,..
Djibouti,DJI,"Adult literacy rate, population 15+ years, adjusted location parity index (LPIA)",UIS.LR.AG15T99.LPIA,..,..,..,..,..,..,..,..,..,..,..,..,..,..,..,..,..,..,..,..,..,..,..,..,..,..,..,..,..,..,..,..,..,..,..,..,..,..,..,..,..
Dominica,DMA,"Adult literacy rate, population 15+ years, adjusted location parity index (LPIA)",UIS.LR.AG15T99.LPIA,..,..,..,..,..,..,..,..,..,..,..,..,..,..,..,..,..,..,..,..,..,..,..,..,..,..,..,..,..,..,..,..,..,..,..,..,..,..,..,..,..
Dominican Republic,DOM,"Adult literacy rate, population 15+ years, adjusted location parity index (LPIA)",UIS.LR.AG15T99.LPIA,..,..,..,..,..,..,..,..,..,..,..,..,..,..,..,..,..,..,..,..,..,..,0.87655,..,..,..,..,0.87606,..,..,0.89087,0.89118,0.8996,0.90402,0.90462,0.91042,0.92682,..,..,..,..
Early-demographic dividend,EAR,"Adult literacy rate, population 15+ years, adjusted location parity index (LPIA)",UIS.LR.AG15T99.LPIA,..,..,..,..,..,..,..,..,..,..,..,..,..,..,..,..,..,..,..,..,..,..,..,..,..,..,..,..,..,..,..,..,..,..,..,..,..,..,..,..,..
East Asia & Pacific,EAS,"Adult literacy rate, population 15+ years, adjusted location parity index (LPIA)",UIS.LR.AG15T99.LPIA,..,..,..,..,..,..,..,..,..,..,..,..,..,..,..,..,..,..,..,..,..,..,..,..,..,..,..,..,..,..,..,..,..,..,..,..,..,..,..,..,..
East Asia & Pacific (excluding high income),EAP,"Adult literacy rate, population 15+ years, adjusted location parity index (LPIA)",UIS.LR.AG15T99.LPIA,..,..,..,..,..,..,..,..,..,..,..,..,..,..,..,..,..,..,..,..,..,..,..,..,..,..,..,..,..,..,..,..,..,..,..,..,..,..,..,..,..
East Asia & Pacific (IDA & IBRD countries),TEA,"Adult literacy rate, population 15+ years, adjusted location parity index (LPIA)",UIS.LR.AG15T99.LPIA,..,..,..,..,..,..,..,..,..,..,..,..,..,..,..,..,..,..,..,..,..,..,..,..,..,..,..,..,..,..,..,..,..,..,..,..,..,..,..,..,..
Ecuador,ECU,"Adult literacy rate, population 15+ years, adjusted location parity index (LPIA)",UIS.LR.AG15T99.LPIA,..,..,..,..,..,..,..,..,..,..,0.84099,..,..,..,..,..,..,..,..,..,..,0.89277,..,..,..,..,..,0.87131,0.88172,0.88083,0.87649,0.85323,0.86831,0.90662,0.93238,0.92129,0.92407,0.89261,..,..,..
"Egypt, Arab Rep.",EGY,"Adult literacy rate, population 15+ years, adjusted location parity index (LPIA)",UIS.LR.AG15T99.LPIA,..,..,..,..,..,..,0.52198,..,..,..,..,..,..,..,..,..,..,..,..,..,..,..,..,..,..,0.86119,..,..,..,..,0.78502,..,0.79428,0.81643,..,..,..,0.79681,..,..,..
El Salvador,SLV,"Adult literacy rate, population 15+ years, adjusted location parity index (LPIA)",UIS.LR.AG15T99.LPIA,..,..,..,..,..,..,..,..,..,..,..,..,0.70748,..,..,..,..,..,..,..,..,..,..,..,..,..,0.82304,0.80273,0.83042,0.82006,0.82181,0.83266,..,0.85447,..,0.86656,0.87064,0.88196,..,..,..
Equatorial Guinea,GNQ,"Adult literacy rate, population 15+ years, adjusted location parity index (LPIA)",UIS.LR.AG15T99.LPIA,..,..,..,..,..,..,..,..,..,..,..,..,..,..,..,..,..,..,..,..,..,..,..,..,..,..,..,..,..,..,..,..,..,..,..,..,..,..,..,..,..
Eritrea,ERI,"Adult literacy rate, population 15+ years, adjusted location parity index (LPIA)",UIS.LR.AG15T99.LPIA,..,..,..,..,..,..,..,..,..,..,..,..,..,..,..,..,..,..,..,..,..,..,0.55536,..,..,..,..,..,0.67535,..,..,..,..,..,..,..,..,..,..,..,..
Estonia,EST,"Adult literacy rate, population 15+ years, adjusted location parity index (LPIA)",UIS.LR.AG15T99.LPIA,..,..,..,..,..,..,..,..,..,0.99954,..,..,..,..,..,..,..,..,..,..,0.99722,..,..,..,..,..,..,..,..,..,..,0.99957,..,..,..,..,..,..,..,..,..
Eswatini,SWZ,"Adult literacy rate, population 15+ years, adjusted location parity index (LPIA)",UIS.LR.AG15T99.LPIA,..,..,..,..,..,..,..,..,..,..,..,..,..,..,..,..,..,..,..,..,..,..,..,..,..,..,..,..,..,..,..,..,..,..,..,..,..,..,..,..,..
Ethiopia,ETH,"Adult literacy rate, population 15+ years, adjusted location parity index (LPIA)",UIS.LR.AG15T99.LPIA,..,..,..,..,..,..,..,..,..,..,..,..,..,..,0.24995,..,..,..,..,..,..,..,..,..,..,..,..,0.40367,..,..,..,..,..,..,..,..,..,..,..,..,..
Euro area,EMU,"Adult literacy rate, population 15+ years, adjusted location parity index (LPIA)",UIS.LR.AG15T99.LPIA,..,..,..,..,..,..,..,..,..,..,..,..,..,..,..,..,..,..,..,..,..,..,..,..,..,..,..,..,..,..,..,..,..,..,..,..,..,..,..,..,..
Europe & Central Asia,ECS,"Adult literacy rate, population 15+ years, adjusted location parity index (LPIA)",UIS.LR.AG15T99.LPIA,..,..,..,..,..,..,..,..,..,..,..,..,..,..,..,..,..,..,..,..,..,..,..,..,..,..,..,..,..,..,..,..,..,..,..,..,..,..,..,..,..
Europe & Central Asia (excluding high income),ECA,"Adult literacy rate, population 15+ years, adjusted location parity index (LPIA)",UIS.LR.AG15T99.LPIA,..,..,..,..,..,..,..,..,..,..,..,..,..,..,..,..,..,..,..,..,..,..,..,..,..,..,..,..,..,..,..,..,..,..,..,..,..,..,..,..,..
Europe & Central Asia (IDA & IBRD countries),TEC,"Adult literacy rate, population 15+ years, adjusted location parity index (LPIA)",UIS.LR.AG15T99.LPIA,..,..,..,..,..,..,..,..,..,..,..,..,..,..,..,..,..,..,..,..,..,..,..,..,..,..,..,..,..,..,..,..,..,..,..,..,..,..,..,..,..
European Union,EUU,"Adult literacy rate, population 15+ years, adjusted location parity index (LPIA)",UIS.LR.AG15T99.LPIA,..,..,..,..,..,..,..,..,..,..,..,..,..,..,..,..,..,..,..,..,..,..,..,..,..,..,..,..,..,..,..,..,..,..,..,..,..,..,..,..,..
Faroe Islands,FRO,"Adult literacy rate, population 15+ years, adjusted location parity index (LPIA)",UIS.LR.AG15T99.LPIA,..,..,..,..,..,..,..,..,..,..,..,..,..,..,..,..,..,..,..,..,..,..,..,..,..,..,..,..,..,..,..,..,..,..,..,..,..,..,..,..,..
Fiji,FJI,"Adult literacy rate, population 15+ years, adjusted location parity index (LPIA)",UIS.LR.AG15T99.LPIA,..,..,..,..,..,..,..,..,..,..,..,..,..,..,..,..,..,..,..,..,..,..,..,..,..,..,..,..,..,..,..,..,..,..,..,..,..,0.99667,..,..,..
Finland,FIN,"Adult literacy rate, population 15+ years, adjusted location parity index (LPIA)",UIS.LR.AG15T99.LPIA,..,..,..,..,..,..,..,..,..,..,..,..,..,..,..,..,..,..,..,..,..,..,..,..,..,..,..,..,..,..,..,..,..,..,..,..,..,..,..,..,..
Fragile and conflict affected situations,FCS,"Adult literacy rate, population 15+ years, adjusted location parity index (LPIA)",UIS.LR.AG15T99.LPIA,..,..,..,..,..,..,..,..,..,..,..,..,..,..,..,..,..,..,..,..,..,..,..,..,..,..,..,..,..,..,..,..,..,..,..,..,..,..,..,..,..
France,FRA,"Adult literacy rate, population 15+ years, adjusted location parity index (LPIA)",UIS.LR.AG15T99.LPIA,..,..,..,..,..,..,..,..,..,..,..,..,..,..,..,..,..,..,..,..,..,..,..,..,..,..,..,..,..,..,..,..,..,..,..,..,..,..,..,..,..
French Polynesia,PYF,"Adult literacy rate, population 15+ years, adjusted location parity index (LPIA)",UIS.LR.AG15T99.LPIA,..,..,..,..,..,..,..,..,..,..,..,..,..,..,..,..,..,..,..,..,..,..,..,..,..,..,..,..,..,..,..,..,..,..,..,..,..,..,..,..,..
Gabon,GAB,"Adult literacy rate, population 15+ years, adjusted location parity index (LPIA)",UIS.LR.AG15T99.LPIA,..,..,..,..,..,..,..,..,..,..,..,..,..,..,..,..,..,..,..,..,..,..,..,..,..,..,..,..,..,..,..,..,..,..,..,..,..,..,..,..,..
"Gambia, The",GMB,"Adult literacy rate, population 15+ years, adjusted location parity index (LPIA)",UIS.LR.AG15T99.LPIA,..,..,..,..,..,..,..,..,..,..,..,..,..,..,..,..,..,..,..,..,..,..,..,..,..,..,..,..,..,..,..,..,..,..,..,0.57355,..,..,..,..,..
Georgia,GEO,"Adult literacy rate, population 15+ years, adjusted location parity index (LPIA)",UIS.LR.AG15T99.LPIA,..,..,..,..,..,..,..,..,..,..,..,..,..,..,..,..,..,..,..,..,..,..,0.99535,..,..,..,..,..,..,..,..,..,..,..,0.99446,..,..,..,..,..,..
Germany,DEU,"Adult literacy rate, population 15+ years, adjusted location parity index (LPIA)",UIS.LR.AG15T99.LPIA,..,..,..,..,..,..,..,..,..,..,..,..,..,..,..,..,..,..,..,..,..,..,..,..,..,..,..,..,..,..,..,..,..,..,..,..,..,..,..,..,..
Ghana,GHA,"Adult literacy rate, population 15+ years, adjusted location parity index (LPIA)",UIS.LR.AG15T99.LPIA,..,..,..,..,..,..,..,..,..,..,..,..,..,..,..,..,..,..,..,..,0.60664,..,..,..,..,..,..,..,..,..,0.71181,..,..,..,..,..,..,..,..,..,..
Gibraltar,GIB,"Adult literacy rate, population 15+ years, adjusted location parity index (LPIA)",UIS.LR.AG15T99.LPIA,..,..,..,..,..,..,..,..,..,..,..,..,..,..,..,..,..,..,..,..,..,..,..,..,..,..,..,..,..,..,..,..,..,..,..,..,..,..,..,..,..
Global Partnership for Education,FTI,"Adult literacy rate, population 15+ years, adjusted location parity index (LPIA)",UIS.LR.AG15T99.LPIA,..,..,..,..,..,..,..,..,..,..,..,..,..,..,..,..,..,..,..,..,..,..,..,..,..,..,..,..,..,..,..,..,..,..,..,..,..,..,..,..,..
Greece,GRC,"Adult literacy rate, population 15+ years, adjusted location parity index (LPIA)",UIS.LR.AG15T99.LPIA,..,0.90012,..,..,..,..,..,..,..,..,..,0.91941,..,..,..,..,..,..,..,..,..,0.95524,..,..,..,0.9704,..,0.90104,..,0.91542,..,0.96659,..,..,..,..,..,..,..,..,..
Greenland,GRL,"Adult literacy rate, population 15+ years, adjusted location parity index (LPIA)",UIS.LR.AG15T99.LPIA,..,..,..,..,..,..,..,..,..,..,..,..,..,..,..,..,..,..,..,..,..,..,..,..,..,..,..,..,..,..,..,..,..,..,..,..,..,..,..,..,..
Grenada,GRD,"Adult literacy rate, population 15+ years, adjusted location parity index (LPIA)",UIS.LR.AG15T99.LPIA,..,..,..,..,..,..,..,..,..,..,..,..,..,..,..,..,..,..,..,..,..,..,..,..,..,..,..,..,..,..,..,..,..,..,..,..,..,..,..,..,..
Guam,GUM,"Adult literacy rate, population 15+ years, adjusted location parity index (LPIA)",UIS.LR.AG15T99.LPIA,..,..,..,..,..,..,..,..,..,..,..,..,..,..,..,..,..,..,..,..,..,..,..,..,..,..,..,..,..,..,..,..,..,..,..,..,..,..,..,..,..
Guatemala,GTM,"Adult literacy rate, population 15+ years, adjusted location parity index (LPIA)",UIS.LR.AG15T99.LPIA,..,..,..,..,..,..,..,..,..,..,..,..,..,..,0.66881,..,..,..,..,..,..,..,0.68216,..,..,..,..,..,..,..,..,..,0.82446,0.81352,0.80624,..,..,..,..,..,..
Guinea,GIN,"Adult literacy rate, population 15+ years, adjusted location parity index (LPIA)",UIS.LR.AG15T99.LPIA,..,..,..,..,..,..,..,..,..,..,..,..,..,..,..,..,0.26506,..,..,..,..,..,..,..,..,..,..,..,..,..,0.35749,..,..,..,0.31735,..,..,..,..,..,..
Guinea-Bissau,GNB,"Adult literacy rate, population 15+ years, adjusted location parity index (LPIA)",UIS.LR.AG15T99.LPIA,..,..,..,..,..,..,..,..,..,..,..,..,..,..,..,..,..,..,..,..,..,..,..,..,..,..,..,..,..,..,..,..,..,..,..,..,..,..,..,..,..
Guyana,GUY,"Adult literacy rate, population 15+ years, adjusted location parity index (LPIA)",UIS.LR.AG15T99.LPIA,..,..,..,..,..,..,..,..,..,..,..,..,..,..,..,..,..,..,..,..,..,..,..,..,..,..,..,..,..,..,..,..,..,..,..,..,..,..,..,..,..
Haiti,HTI,"Adult literacy rate, population 15+ years, adjusted location parity index (LPIA)",UIS.LR.AG15T99.LPIA,..,..,..,..,..,..,..,..,..,..,..,..,..,..,..,..,..,..,..,..,..,..,..,0.53843,..,..,..,..,..,..,..,..,..,..,..,..,..,..,..,..,..
Heavily indebted poor countries (HIPC),HPC,"Adult literacy rate, population 15+ years, adjusted location parity index (LPIA)",UIS.LR.AG15T99.LPIA,..,..,..,..,..,..,..,..,..,..,..,..,..,..,..,..,..,..,..,..,..,..,..,..,..,..,..,..,..,..,..,..,..,..,..,..,..,..,..,..,..
High income,HIC,"Adult literacy rate, population 15+ years, adjusted location parity index (LPIA)",UIS.LR.AG15T99.LPIA,..,..,..,..,..,..,..,..,..,..,..,..,..,..,..,..,..,..,..,..,..,..,..,..,..,..,..,..,..,..,..,..,..,..,..,..,..,..,..,..,..
Honduras,HND,"Adult literacy rate, population 15+ years, adjusted location parity index (LPIA)",UIS.LR.AG15T99.LPIA,..,..,..,..,..,..,..,..,..,..,..,..,..,..,..,..,..,..,..,..,..,..,..,..,..,..,..,0.82886,..,..,0.84318,0.84131,0.8612,0.84837,0.85187,0.87081,0.88452,..,0.85944,..,..
"Hong Kong SAR, China",HKG,"Adult literacy rate, population 15+ years, adjusted location parity index (LPIA)",UIS.LR.AG15T99.LPIA,..,..,..,..,..,..,..,..,..,..,..,..,..,..,..,..,..,..,..,..,..,..,..,..,..,..,..,..,..,..,..,..,..,..,..,..,..,..,..,..,..
Hungary,HUN,"Adult literacy rate, population 15+ years, adjusted location parity index (LPIA)",UIS.LR.AG15T99.LPIA,..,..,..,..,..,..,..,..,..,..,..,..,..,..,..,..,..,..,..,..,..,..,..,..,..,..,..,..,..,..,..,..,..,..,..,..,..,..,..,..,..
IBRD only,IBD,"Adult literacy rate, population 15+ years, adjusted location parity index (LPIA)",UIS.LR.AG15T99.LPIA,..,..,..,..,..,..,..,..,..,..,..,..,..,..,..,..,..,..,..,..,..,..,..,..,..,..,..,..,..,..,..,..,..,..,..,..,..,..,..,..,..
Iceland,ISL,"Adult literacy rate, population 15+ years, adjusted location parity index (LPIA)",UIS.LR.AG15T99.LPIA,..,..,..,..,..,..,..,..,..,..,..,..,..,..,..,..,..,..,..,..,..,..,..,..,..,..,..,..,..,..,..,..,..,..,..,..,..,..,..,..,..
IDA & IBRD total,IBT,"Adult literacy rate, population 15+ years, adjusted location parity index (LPIA)",UIS.LR.AG15T99.LPIA,..,..,..,..,..,..,..,..,..,..,..,..,..,..,..,..,..,..,..,..,..,..,..,..,..,..,..,..,..,..,..,..,..,..,..,..,..,..,..,..,..
IDA blend,IDB,"Adult literacy rate, population 15+ years, adjusted location parity index (LPIA)",UIS.LR.AG15T99.LPIA,..,..,..,..,..,..,..,..,..,..,..,..,..,..,..,..,..,..,..,..,..,..,..,..,..,..,..,..,..,..,..,..,..,..,..,..,..,..,..,..,..
IDA only,IDX,"Adult literacy rate, population 15+ years, adjusted location parity index (LPIA)",UIS.LR.AG15T99.LPIA,..,..,..,..,..,..,..,..,..,..,..,..,..,..,..,..,..,..,..,..,..,..,..,..,..,..,..,..,..,..,..,..,..,..,..,..,..,..,..,..,..
IDA total,IDA,"Adult literacy rate, population 15+ years, adjusted location parity index (LPIA)",UIS.LR.AG15T99.LPIA,..,..,..,..,..,..,..,..,..,..,..,..,..,..,..,..,..,..,..,..,..,..,..,..,..,..,..,..,..,..,..,..,..,..,..,..,..,..,..,..,..
India,IND,"Adult literacy rate, population 15+ years, adjusted location parity index (LPIA)",UIS.LR.AG15T99.LPIA,..,0.50204,..,..,..,..,..,..,..,..,..,..,..,..,..,..,..,..,..,..,..,0.68616,..,..,..,..,..,..,..,..,..,0.75525,..,..,..,..,..,..,..,..,..
Indonesia,IDN,"Adult literacy rate, population 15+ years, adjusted location parity index (LPIA)",UIS.LR.AG15T99.LPIA,..,..,..,..,..,..,..,..,..,..,..,..,..,..,..,..,..,..,..,..,..,..,..,..,0.91921,..,0.93343,..,0.93282,0.93324,..,0.93948,..,..,0.95492,0.95363,0.9539,..,0.95629,..,..
"Iran, Islamic Rep.",IRN,"Adult literacy rate, population 15+ years, adjusted location parity index (LPIA)",UIS.LR.AG15T99.LPIA,..,..,..,..,..,..,..,..,..,..,..,0.65793,..,..,..,..,0.72823,..,..,..,..,..,..,..,..,0.81564,0.80527,..,0.81856,..,..,..,0.82126,0.82022,0.82237,..,0.82567,..,..,..,..
Iraq,IRQ,"Adult literacy rate, population 15+ years, adjusted location parity index (LPIA)",UIS.LR.AG15T99.LPIA,..,..,..,..,..,..,..,..,..,..,..,..,..,..,..,..,..,..,..,..,..,..,..,..,..,..,..,..,..,..,..,..,..,..,..,..,..,..,..,..,..
Ireland,IRL,"Adult literacy rate, population 15+ years, adjusted location parity index (LPIA)",UIS.LR.AG15T99.LPIA,..,..,..,..,..,..,..,..,..,..,..,..,..,..,..,..,..,..,..,..,..,..,..,..,..,..,..,..,..,..,..,..,..,..,..,..,..,..,..,..,..
Isle of Man,IMN,"Adult literacy rate, population 15+ years, adjusted location parity index (LPIA)",UIS.LR.AG15T99.LPIA,..,..,..,..,..,..,..,..,..,..,..,..,..,..,..,..,..,..,..,..,..,..,..,..,..,..,..,..,..,..,..,..,..,..,..,..,..,..,..,..,..
Israel,ISR,"Adult literacy rate, population 15+ years, adjusted location parity index (LPIA)",UIS.LR.AG15T99.LPIA,..,..,..,..,..,..,..,..,..,..,..,..,..,..,..,..,..,..,..,..,..,..,..,..,..,..,..,..,..,..,..,..,..,..,..,..,..,..,..,..,..
Italy,ITA,"Adult literacy rate, population 15+ years, adjusted location parity index (LPIA)",UIS.LR.AG15T99.LPIA,..,..,..,..,..,..,..,..,..,..,..,..,..,..,..,..,..,..,..,..,..,..,..,..,..,..,..,..,..,..,..,..,..,..,..,..,..,..,..,..,..
Jamaica,JAM,"Adult literacy rate, population 15+ years, adjusted location parity index (LPIA)",UIS.LR.AG15T99.LPIA,..,..,..,..,..,..,..,..,..,..,..,..,..,..,..,..,..,..,..,..,..,..,..,..,..,..,..,..,..,..,..,..,..,..,..,..,..,..,..,..,..
Japan,JPN,"Adult literacy rate, population 15+ years, adjusted location parity index (LPIA)",UIS.LR.AG15T99.LPIA,..,..,..,..,..,..,..,..,..,..,..,..,..,..,..,..,..,..,..,..,..,..,..,..,..,..,..,..,..,..,..,..,..,..,..,..,..,..,..,..,..
Jordan,JOR,"Adult literacy rate, population 15+ years, adjusted location parity index (LPIA)",UIS.LR.AG15T99.LPIA,..,..,..,..,..,..,..,..,..,..,..,..,..,..,..,..,..,..,..,..,..,..,..,0.92463,..,..,..,..,..,..,0.93656,1,1,..,..,..,..,..,..,..,..
Kazakhstan,KAZ,"Adult literacy rate, population 15+ years, adjusted location parity index (LPIA)",UIS.LR.AG15T99.LPIA,..,..,..,..,..,..,..,..,..,..,..,..,..,..,..,..,..,..,..,0.99681,..,..,..,..,..,..,..,..,..,0.99753,..,..,..,..,..,..,..,..,..,..,..
Kenya,KEN,"Adult literacy rate, population 15+ years, adjusted location parity index (LPIA)",UIS.LR.AG15T99.LPIA,..,..,..,..,..,..,..,..,..,..,..,..,..,..,..,..,..,..,..,..,..,..,..,..,..,..,..,..,..,..,..,..,..,..,..,..,..,..,..,..,..
Kiribati,KIR,"Adult literacy rate, population 15+ years, adjusted location parity index (LPIA)",UIS.LR.AG15T99.LPIA,..,..,..,..,..,..,..,..,..,..,..,..,..,..,..,..,..,..,..,..,..,..,..,..,..,..,..,..,..,..,..,..,..,..,..,..,..,..,..,..,..
"Korea, Dem. People’s Rep.",PRK,"Adult literacy rate, population 15+ years, adjusted location parity index (LPIA)",UIS.LR.AG15T99.LPIA,..,..,..,..,..,..,..,..,..,..,..,..,..,..,..,..,..,..,..,..,..,..,..,..,..,..,..,..,0.99998,..,..,..,..,..,..,..,..,..,..,..,..
"Korea, Rep.",KOR,"Adult literacy rate, population 15+ years, adjusted location parity index (LPIA)",UIS.LR.AG15T99.LPIA,..,..,..,..,..,..,..,..,..,..,..,..,..,..,..,..,..,..,..,..,..,..,..,..,..,..,..,..,..,..,..,..,..,..,..,..,..,..,..,..,..
Kosovo,XKX,"Adult literacy rate, population 15+ years, adjusted location parity index (LPIA)",UIS.LR.AG15T99.LPIA,..,..,..,..,..,..,..,..,..,..,..,..,..,..,..,..,..,..,..,..,..,..,..,..,..,..,..,..,..,..,..,..,..,..,..,..,..,..,..,..,..
Kuwait,KWT,"Adult literacy rate, population 15+ years, adjusted location parity index (LPIA)",UIS.LR.AG15T99.LPIA,..,..,..,..,..,..,..,..,..,..,..,..,..,..,..,..,..,..,..,..,..,..,..,..,..,..,0.99728,0.99741,..,..,0.99263,..,0.98018,..,..,0.98415,..,0.98462,0.98352,..,..
Kyrgyz Republic,KGZ,"Adult literacy rate, population 15+ years, adjusted location parity index (LPIA)",UIS.LR.AG15T99.LPIA,..,..,..,..,..,..,..,..,..,..,..,..,..,..,..,..,..,..,..,0.98871,..,..,..,..,..,..,..,..,..,0.99313,..,..,..,..,..,..,..,..,..,..,..
Lao PDR,LAO,"Adult literacy rate, population 15+ years, adjusted location parity index (LPIA)",UIS.LR.AG15T99.LPIA,..,..,..,..,..,..,..,..,..,..,..,..,..,..,..,..,..,..,..,..,..,0.78427,..,..,..,..,..,..,..,..,..,..,..,..,..,0.85205,..,..,..,..,..
Late-demographic dividend,LTE,"Adult literacy rate, population 15+ years, adjusted location parity index (LPIA)",UIS.LR.AG15T99.LPIA,..,..,..,..,..,..,..,..,..,..,..,..,..,..,..,..,..,..,..,..,..,..,..,..,..,..,..,..,..,..,..,..,..,..,..,..,..,..,..,..,..
Latin America & Caribbean,LCN,"Adult literacy rate, population 15+ years, adjusted location parity index (LPIA)",UIS.LR.AG15T99.LPIA,..,..,..,..,..,..,..,..,..,..,..,..,..,..,..,..,..,..,..,..,..,..,..,..,..,..,..,..,..,..,..,..,..,..,..,..,..,..,..,..,..
Latin America & Caribbean (excluding high income),LAC,"Adult literacy rate, population 15+ years, adjusted location parity index (LPIA)",UIS.LR.AG15T99.LPIA,..,..,..,..,..,..,..,..,..,..,..,..,..,..,..,..,..,..,..,..,..,..,..,..,..,..,..,..,..,..,..,..,..,..,..,..,..,..,..,..,..
Latin America & the Caribbean (IDA & IBRD countries),TLA,"Adult literacy rate, population 15+ years, adjusted location parity index (LPIA)",UIS.LR.AG15T99.LPIA,..,..,..,..,..,..,..,..,..,..,..,..,..,..,..,..,..,..,..,..,..,..,..,..,..,..,..,..,..,..,..,..,..,..,..,..,..,..,..,..,..
Latvia,LVA,"Adult literacy rate, population 15+ years, adjusted location parity index (LPIA)",UIS.LR.AG15T99.LPIA,..,..,..,..,..,..,..,..,..,0.99562,..,..,..,..,..,..,..,..,..,..,0.99626,..,..,..,..,..,..,..,..,..,..,0.99847,..,..,..,..,..,..,..,..,..
Least developed countries: UN classification,LDC,"Adult literacy rate, population 15+ years, adjusted location parity index (LPIA)",UIS.LR.AG15T99.LPIA,..,..,..,..,..,..,..,..,..,..,..,..,..,..,..,..,..,..,..,..,..,..,..,..,..,..,..,..,..,..,..,..,..,..,..,..,..,..,..,..,..
Lebanon,LBN,"Adult literacy rate, population 15+ years, adjusted location parity index (LPIA)",UIS.LR.AG15T99.LPIA,..,..,..,..,..,..,..,..,..,..,..,..,..,..,..,..,..,..,..,..,..,..,..,..,..,..,..,..,..,..,..,..,..,..,..,..,..,..,..,..,..
Lending category not classified,LNX,"Adult literacy rate, population 15+ years, adjusted location parity index (LPIA)",UIS.LR.AG15T99.LPIA,..,..,..,..,..,..,..,..,..,..,..,..,..,..,..,..,..,..,..,..,..,..,..,..,..,..,..,..,..,..,..,..,..,..,..,..,..,..,..,..,..
Lesotho,LSO,"Adult literacy rate, population 15+ years, adjusted location parity index (LPIA)",UIS.LR.AG15T99.LPIA,..,..,..,..,..,..,..,..,..,..,..,..,..,..,..,..,..,..,..,..,..,..,..,..,..,..,..,..,..,..,..,..,..,..,..,..,..,..,..,..,..
Liberia,LBR,"Adult literacy rate, population 15+ years, adjusted location parity index (LPIA)",UIS.LR.AG15T99.LPIA,..,..,..,..,..,..,..,..,..,..,..,..,..,..,..,..,..,..,..,..,..,..,..,..,..,..,..,..,..,..,..,..,..,..,..,..,..,..,..,..,..
Libya,LBY,"Adult literacy rate, population 15+ years, adjusted location parity index (LPIA)",UIS.LR.AG15T99.LPIA,..,..,..,..,..,..,..,..,..,..,..,..,..,..,..,..,..,..,..,..,..,..,..,..,..,..,..,..,..,..,..,..,..,..,..,..,..,..,..,..,..
Liechtenstein,LIE,"Adult literacy rate, population 15+ years, adjusted location parity index (LPIA)",UIS.LR.AG15T99.LPIA,..,..,..,..,..,..,..,..,..,..,..,..,..,..,..,..,..,..,..,..,..,..,..,..,..,..,..,..,..,..,..,..,..,..,..,..,..,..,..,..,..
Lithuania,LTU,"Adult literacy rate, population 15+ years, adjusted location parity index (LPIA)",UIS.LR.AG15T99.LPIA,..,..,..,..,..,..,..,..,..,..,..,..,..,..,..,..,..,..,..,..,..,0.99491,..,..,..,..,..,..,..,..,..,0.99764,..,..,..,..,..,..,..,..,..
Low & middle income,LMY,"Adult literacy rate, population 15+ years, adjusted location parity index (LPIA)",UIS.LR.AG15T99.LPIA,..,..,..,..,..,..,..,..,..,..,..,..,..,..,..,..,..,..,..,..,..,..,..,..,..,..,..,..,..,..,..,..,..,..,..,..,..,..,..,..,..
Low income,LIC,"Adult literacy rate, population 15+ years, adjusted location parity index (LPIA)",UIS.LR.AG15T99.LPIA,..,..,..,..,..,..,..,..,..,..,..,..,..,..,..,..,..,..,..,..,..,..,..,..,..,..,..,..,..,..,..,..,..,..,..,..,..,..,..,..,..
Lower middle income,LMC,"Adult literacy rate, population 15+ years, adjusted location parity index (LPIA)",UIS.LR.AG15T99.LPIA,..,..,..,..,..,..,..,..,..,..,..,..,..,..,..,..,..,..,..,..,..,..,..,..,..,..,..,..,..,..,..,..,..,..,..,..,..,..,..,..,..
Luxembourg,LUX,"Adult literacy rate, population 15+ years, adjusted location parity index (LPIA)",UIS.LR.AG15T99.LPIA,..,..,..,..,..,..,..,..,..,..,..,..,..,..,..,..,..,..,..,..,..,..,..,..,..,..,..,..,..,..,..,..,..,..,..,..,..,..,..,..,..
"Macao SAR, China",MAC,"Adult literacy rate, population 15+ years, adjusted location parity index (LPIA)",UIS.LR.AG15T99.LPIA,..,..,..,..,..,..,..,..,..,..,..,..,..,..,..,..,..,..,..,..,..,..,..,..,..,..,..,..,..,..,..,..,..,..,..,..,..,..,..,..,..
Madagascar,MDG,"Adult literacy rate, population 15+ years, adjusted location parity index (LPIA)",UIS.LR.AG15T99.LPIA,..,..,..,..,..,..,..,..,..,..,..,..,..,..,..,..,..,..,..,..,..,..,..,..,..,0.78589,..,..,..,..,..,..,0.70937,..,..,..,..,..,..,..,..
Malawi,MWI,"Adult literacy rate, population 15+ years, adjusted location parity index (LPIA)",UIS.LR.AG15T99.LPIA,..,..,..,..,..,..,..,..,..,..,..,..,..,..,..,..,..,..,0.68829,..,..,..,..,..,..,..,..,..,..,..,..,..,..,..,..,..,..,..,..,..,..
Malaysia,MYS,"Adult literacy rate, population 15+ years, adjusted location parity index (LPIA)",UIS.LR.AG15T99.LPIA,..,..,..,..,..,..,..,..,..,..,..,0.85741,..,..,..,..,..,..,..,..,0.88009,..,..,..,..,..,..,..,..,..,0.9365,..,..,..,..,..,0.94677,0.946,0.95207,..,..
Maldives,MDV,"Adult literacy rate, population 15+ years, adjusted location parity index (LPIA)",UIS.LR.AG15T99.LPIA,..,..,..,..,..,..,..,..,..,..,..,..,..,..,..,..,..,..,..,..,..,..,..,..,..,..,0.9866,..,..,..,..,..,..,..,0.98687,..,0.97279,..,..,..,..
Mali,MLI,"Adult literacy rate, population 15+ years, adjusted location parity index (LPIA)",UIS.LR.AG15T99.LPIA,..,..,..,..,..,..,..,..,..,..,..,..,..,..,..,..,..,..,..,..,..,..,..,..,..,..,0.32249,..,..,..,0.38644,0.39684,..,..,..,0.42885,..,..,0.4221,..,..
Malta,MLT,"Adult literacy rate, population 15+ years, adjusted location parity index (LPIA)",UIS.LR.AG15T99.LPIA,..,..,..,..,..,..,..,..,..,..,..,..,..,..,..,1.00132,..,..,..,..,..,..,..,..,..,..,..,..,..,..,..,1.0017,..,..,..,..,..,..,..,..,..
Marshall Islands,MHL,"Adult literacy rate, population 15+ years, adjusted location parity index (LPIA)",UIS.LR.AG15T99.LPIA,..,..,..,..,..,..,..,..,..,..,..,..,..,..,..,..,..,..,..,..,..,..,..,..,..,..,..,..,..,..,..,0.99015,..,..,..,..,..,..,..,..,..
Mauritania,MRT,"Adult literacy rate, population 15+ years, adjusted location parity index (LPIA)",UIS.LR.AG15T99.LPIA,..,..,..,..,..,..,..,..,..,..,..,..,..,..,..,..,..,..,..,..,..,..,..,..,..,..,..,..,..,..,..,..,..,..,..,..,..,..,..,..,..
Mauritius,MUS,"Adult literacy rate, population 15+ years, adjusted location parity index (LPIA)",UIS.LR.AG15T99.LPIA,..,..,..,..,..,..,..,..,..,..,..,..,..,..,..,..,..,..,..,..,0.89776,..,..,..,..,..,..,..,..,..,..,0.9312,..,..,..,..,..,..,..,..,..
Mayotte,MYT,"Adult literacy rate, population 15+ years, adjusted location parity index (LPIA)",UIS.LR.AG15T99.LPIA,..,..,..,..,..,..,..,..,..,..,..,..,..,..,..,..,..,..,..,..,..,..,..,..,..,..,..,..,..,..,..,..,..,..,..,..,..,..,..,..,..
Mexico,MEX,"Adult literacy rate, population 15+ years, adjusted location parity index (LPIA)",UIS.LR.AG15T99.LPIA,..,..,..,..,..,..,..,..,..,..,0.80951,..,..,..,..,..,..,..,..,..,..,..,..,..,0.89331,0.85618,0.89006,0.8767,0.87477,0.88605,0.88094,0.88716,0.90223,0.89533,0.90733,0.90065,0.91371,0.9113,0.9202,..,..
"Micronesia, Fed. Sts.",FSM,"Adult literacy rate, population 15+ years, adjusted location parity index (LPIA)",UIS.LR.AG15T99.LPIA,..,..,..,..,..,..,..,..,..,..,..,..,..,..,..,..,..,..,..,..,..,..,..,..,..,..,..,..,..,..,..,..,..,..,..,..,..,..,..,..,..
Middle East & North Africa,MEA,"Adult literacy rate, population 15+ years, adjusted location parity index (LPIA)",UIS.LR.AG15T99.LPIA,..,..,..,..,..,..,..,..,..,..,..,..,..,..,..,..,..,..,..,..,..,..,..,..,..,..,..,..,..,..,..,..,..,..,..,..,..,..,..,..,..
Middle East & North Africa (excluding high income),MNA,"Adult literacy rate, population 15+ years, adjusted location parity index (LPIA)",UIS.LR.AG15T99.LPIA,..,..,..,..,..,..,..,..,..,..,..,..,..,..,..,..,..,..,..,..,..,..,..,..,..,..,..,..,..,..,..,..,..,..,..,..,..,..,..,..,..
Middle East & North Africa (IDA & IBRD countries),TMN,"Adult literacy rate, population 15+ years, adjusted location parity index (LPIA)",UIS.LR.AG15T99.LPIA,..,..,..,..,..,..,..,..,..,..,..,..,..,..,..,..,..,..,..,..,..,..,..,..,..,..,..,..,..,..,..,..,..,..,..,..,..,..,..,..,..
Middle income,MIC,"Adult literacy rate, population 15+ years, adjusted location parity index (LPIA)",UIS.LR.AG15T99.LPIA,..,..,..,..,..,..,..,..,..,..,..,..,..,..,..,..,..,..,..,..,..,..,..,..,..,..,..,..,..,..,..,..,..,..,..,..,..,..,..,..,..
Moldova,MDA,"Adult literacy rate, population 15+ years, adjusted location parity index (LPIA)",UIS.LR.AG15T99.LPIA,..,..,..,..,..,..,..,..,..,..,..,..,..,..,..,..,..,..,..,..,..,..,..,..,0.98509,..,..,0.98778,..,0.99194,0.99196,..,0.9914,..,0.99716,..,..,..,..,..,..
Monaco,MCO,"Adult literacy rate, population 15+ years, adjusted location parity index (LPIA)",UIS.LR.AG15T99.LPIA,..,..,..,..,..,..,..,..,..,..,..,..,..,..,..,..,..,..,..,..,..,..,..,..,..,..,..,..,..,..,..,..,..,..,..,..,..,..,..,..,..
Mongolia,MNG,"Adult literacy rate, population 15+ years, adjusted location parity index (LPIA)",UIS.LR.AG15T99.LPIA,..,..,..,..,..,..,..,..,..,..,..,..,..,..,..,..,..,..,..,..,0.97314,..,..,..,..,..,..,..,..,..,0.97163,..,..,..,..,..,..,..,..,..,..
Montenegro,MNE,"Adult literacy rate, population 15+ years, adjusted location parity index (LPIA)",UIS.LR.AG15T99.LPIA,..,..,..,..,..,..,..,..,..,..,..,..,..,..,..,..,..,..,..,..,..,..,..,0.97319,..,..,..,..,..,..,..,0.98494,..,..,..,..,..,..,..,..,..
Morocco,MAR,"Adult literacy rate, population 15+ years, adjusted location parity index (LPIA)",UIS.LR.AG15T99.LPIA,..,..,0.27678,..,..,..,..,..,..,..,..,..,..,..,0.35199,..,..,..,..,..,..,..,..,..,0.48457,..,..,..,0.53991,0.55539,..,..,0.69915,..,..,..,..,..,..,..,..
Mozambique,MOZ,"Adult literacy rate, population 15+ years, adjusted location parity index (LPIA)",UIS.LR.AG15T99.LPIA,0.35947,..,..,..,..,..,..,..,..,..,..,..,..,..,..,..,..,0.40039,..,..,..,..,..,..,..,..,..,..,..,0.53417,..,..,..,..,..,0.56958,..,0.60323,..,..,..
Myanmar,MMR,"Adult literacy rate, population 15+ years, adjusted location parity index (LPIA)",UIS.LR.AG15T99.LPIA,..,..,..,..,..,..,..,..,..,..,..,..,..,..,..,..,..,..,..,..,..,..,..,..,..,..,..,..,..,..,..,..,..,..,..,..,..,..,..,..,..
Namibia,NAM,"Adult literacy rate, population 15+ years, adjusted location parity index (LPIA)",UIS.LR.AG15T99.LPIA,..,..,..,..,..,..,..,..,..,..,..,0.75238,..,..,..,..,..,..,..,..,..,0.82857,..,..,..,..,..,..,..,..,..,0.85613,..,..,..,..,..,..,..,..,..
Nauru,NRU,"Adult literacy rate, population 15+ years, adjusted location parity index (LPIA)",UIS.LR.AG15T99.LPIA,..,..,..,..,..,..,..,..,..,..,..,..,..,..,..,..,..,..,..,..,..,..,..,..,..,..,..,..,..,..,..,..,..,..,..,..,..,..,..,..,..
Nepal,NPL,"Adult literacy rate, population 15+ years, adjusted location parity index (LPIA)",UIS.LR.AG15T99.LPIA,..,0.39426,..,..,..,..,..,..,..,..,..,..,..,..,..,..,..,..,..,..,..,0.65541,..,..,..,..,..,..,..,..,..,0.69396,..,..,..,..,..,..,..,..,..
Netherlands,NLD,"Adult literacy rate, population 15+ years, adjusted location parity index (LPIA)",UIS.LR.AG15T99.LPIA,..,..,..,..,..,..,..,..,..,..,..,..,..,..,..,..,..,..,..,..,..,..,..,..,..,..,..,..,..,..,..,..,..,..,..,..,..,..,..,..,..
Netherlands Antilles,ANT,"Adult literacy rate, population 15+ years, adjusted location parity index (LPIA)",UIS.LR.AG15T99.LPIA,..,..,..,..,..,..,..,..,..,..,..,..,..,..,..,..,..,..,..,..,..,..,..,..,..,..,..,..,..,..,..,..,..,..,..,..,..,..,..,..,..
New Caledonia,NCL,"Adult literacy rate, population 15+ years, adjusted location parity index (LPIA)",UIS.LR.AG15T99.LPIA,..,..,..,..,..,..,..,..,..,..,..,..,..,..,..,..,..,..,..,..,..,..,..,..,..,..,..,..,..,..,..,..,..,..,..,..,..,..,..,..,..
New Zealand,NZL,"Adult literacy rate, population 15+ years, adjusted location parity index (LPIA)",UIS.LR.AG15T99.LPIA,..,..,..,..,..,..,..,..,..,..,..,..,..,..,..,..,..,..,..,..,..,..,..,..,..,..,..,..,..,..,..,..,..,..,..,..,..,..,..,..,..
Nicaragua,NIC,"Adult literacy rate, population 15+ years, adjusted location parity index (LPIA)",UIS.LR.AG15T99.LPIA,..,..,..,..,..,..,..,..,..,..,..,..,..,..,..,..,..,..,..,..,..,..,..,..,..,0.72262,..,..,..,..,..,..,..,..,..,..,..,..,..,..,..
Niger,NER,"Adult literacy rate, population 15+ years, adjusted location parity index (LPIA)",UIS.LR.AG15T99.LPIA,..,..,..,..,..,..,..,..,..,..,..,..,..,..,..,..,..,..,..,..,..,0.22702,..,..,..,0.44988,..,..,..,..,..,..,0.3992,..,..,..,..,..,..,..,..
Nigeria,NGA,"Adult literacy rate, population 15+ years, adjusted location parity index (LPIA)",UIS.LR.AG15T99.LPIA,..,..,..,..,..,..,..,..,..,..,..,0.64453,..,..,..,..,..,..,..,..,..,..,..,..,..,..,..,..,..,..,..,..,..,..,..,..,..,..,..,..,..
North America,NAC,"Adult literacy rate, population 15+ years, adjusted location parity index (LPIA)",UIS.LR.AG15T99.LPIA,..,..,..,..,..,..,..,..,..,..,..,..,..,..,..,..,..,..,..,..,..,..,..,..,..,..,..,..,..,..,..,..,..,..,..,..,..,..,..,..,..
North Macedonia,MKD,"Adult literacy rate, population 15+ years, adjusted location parity index (LPIA)",UIS.LR.AG15T99.LPIA,..,..,..,..,..,..,..,..,..,..,..,..,..,..,..,..,..,..,..,..,..,..,..,..,..,..,..,..,..,..,..,..,..,..,..,..,..,..,..,..,..
Northern Mariana Islands,MNP,"Adult literacy rate, population 15+ years, adjusted location parity index (LPIA)",UIS.LR.AG15T99.LPIA,..,..,..,..,..,..,..,..,..,..,..,..,..,..,..,..,..,..,..,..,..,..,..,..,..,..,..,..,..,..,..,..,..,..,..,..,..,..,..,..,..
Norway,NOR,"Adult literacy rate, population 15+ years, adjusted location parity index (LPIA)",UIS.LR.AG15T99.LPIA,..,..,..,..,..,..,..,..,..,..,..,..,..,..,..,..,..,..,..,..,..,..,..,..,..,..,..,..,..,..,..,..,..,..,..,..,..,..,..,..,..
OECD members,OED,"Adult literacy rate, population 15+ years, adjusted location parity index (LPIA)",UIS.LR.AG15T99.LPIA,..,..,..,..,..,..,..,..,..,..,..,..,..,..,..,..,..,..,..,..,..,..,..,..,..,..,..,..,..,..,..,..,..,..,..,..,..,..,..,..,..
Oman,OMN,"Adult literacy rate, population 15+ years, adjusted location parity index (LPIA)",UIS.LR.AG15T99.LPIA,..,..,..,..,..,..,..,..,..,..,..,..,..,..,..,..,..,..,..,..,..,..,..,0.84391,..,..,..,..,0.90119,..,0.91014,..,..,..,..,0.90735,..,..,..,..,..
Other small states,OSS,"Adult literacy rate, population 15+ years, adjusted location parity index (LPIA)",UIS.LR.AG15T99.LPIA,..,..,..,..,..,..,..,..,..,..,..,..,..,..,..,..,..,..,..,..,..,..,..,..,..,..,..,..,..,..,..,..,..,..,..,..,..,..,..,..,..
Pacific island small states,PSS,"Adult literacy rate, population 15+ years, adjusted location parity index (LPIA)",UIS.LR.AG15T99.LPIA,..,..,..,..,..,..,..,..,..,..,..,..,..,..,..,..,..,..,..,..,..,..,..,..,..,..,..,..,..,..,..,..,..,..,..,..,..,..,..,..,..
Pakistan,PAK,"Adult literacy rate, population 15+ years, adjusted location parity index (LPIA)",UIS.LR.AG15T99.LPIA,..,0.35467,..,..,..,..,..,..,..,..,..,..,..,..,..,..,..,..,0.50263,..,..,..,..,..,..,0.57416,0.60954,0.59171,0.65056,0.60841,0.61844,0.5988,0.63162,0.61279,0.60916,..,..,0.64124,..,..,..
Palau,PLW,"Adult literacy rate, population 15+ years, adjusted location parity index (LPIA)",UIS.LR.AG15T99.LPIA,..,..,..,..,..,..,..,..,..,..,..,..,..,..,..,..,..,..,..,..,..,..,..,..,..,..,..,..,..,..,..,..,..,..,..,..,..,..,..,..,..
Panama,PAN,"Adult literacy rate, population 15+ years, adjusted location parity index (LPIA)",UIS.LR.AG15T99.LPIA,0.82076,..,..,..,..,..,..,..,..,..,..,..,..,..,..,..,..,..,..,..,0.84127,..,..,..,..,..,..,..,..,..,0.8793,..,..,..,..,..,..,..,0.89506,..,..
Papua New Guinea,PNG,"Adult literacy rate, population 15+ years, adjusted location parity index (LPIA)",UIS.LR.AG15T99.LPIA,..,..,..,..,..,..,..,..,..,..,..,..,..,..,..,..,..,..,..,..,0.60859,..,..,..,..,..,..,..,..,..,..,..,..,..,..,..,..,..,..,..,..
Paraguay,PRY,"Adult literacy rate, population 15+ years, adjusted location parity index (LPIA)",UIS.LR.AG15T99.LPIA,..,..,..,..,..,..,..,..,..,..,..,..,..,..,..,..,..,..,..,..,..,..,0.94313,..,..,..,..,0.95545,0.91695,0.92406,0.92679,..,0.92508,0.94415,0.93984,0.94462,0.93625,..,0.94437,..,..
Peru,PER,"Adult literacy rate, population 15+ years, adjusted location parity index (LPIA)",UIS.LR.AG15T99.LPIA,..,..,..,..,..,..,..,..,..,..,..,..,..,..,..,..,..,..,..,..,..,..,..,..,0.78881,0.80694,0.81867,0.82196,..,..,..,..,0.86897,..,0.87538,0.88271,0.88858,0.88207,0.88472,..,..
Philippines,PHL,"Adult literacy rate, population 15+ years, adjusted location parity index (LPIA)",UIS.LR.AG15T99.LPIA,0.82538,..,..,..,..,..,..,..,..,..,0.92193,..,..,..,..,..,..,..,..,..,..,..,..,..,..,..,..,..,..,..,..,..,..,0.96499,..,0.98007,..,..,..,..,..
Poland,POL,"Adult literacy rate, population 15+ years, adjusted location parity index (LPIA)",UIS.LR.AG15T99.LPIA,..,..,..,..,..,..,..,..,..,..,..,..,..,..,..,..,..,..,..,..,..,..,..,..,..,..,..,..,..,..,..,..,..,..,..,..,..,..,..,..,..
Portugal,PRT,"Adult literacy rate, population 15+ years, adjusted location parity index (LPIA)",UIS.LR.AG15T99.LPIA,..,..,..,..,..,..,..,..,..,..,..,..,..,..,..,..,..,..,..,..,..,..,..,..,..,..,..,..,..,..,..,0.95105,..,..,..,..,..,..,..,..,..
Post-demographic dividend,PST,"Adult literacy rate, population 15+ years, adjusted location parity index (LPIA)",UIS.LR.AG15T99.LPIA,..,..,..,..,..,..,..,..,..,..,..,..,..,..,..,..,..,..,..,..,..,..,..,..,..,..,..,..,..,..,..,..,..,..,..,..,..,..,..,..,..
Pre-demographic dividend,PRE,"Adult literacy rate, population 15+ years, adjusted location parity index (LPIA)",UIS.LR.AG15T99.LPIA,..,..,..,..,..,..,..,..,..,..,..,..,..,..,..,..,..,..,..,..,..,..,..,..,..,..,..,..,..,..,..,..,..,..,..,..,..,..,..,..,..
Puerto Rico,PRI,"Adult literacy rate, population 15+ years, adjusted location parity index (LPIA)",UIS.LR.AG15T99.LPIA,..,..,..,..,..,..,..,..,..,..,..,..,..,..,..,..,..,..,..,..,..,..,..,..,..,..,..,..,..,..,..,..,..,..,..,..,..,..,..,..,..
Qatar,QAT,"Adult literacy rate, population 15+ years, adjusted location parity index (LPIA)",UIS.LR.AG15T99.LPIA,..,..,..,..,..,..,..,..,..,..,..,..,..,..,..,..,..,..,..,..,..,..,..,..,..,..,..,..,..,..,..,..,..,..,..,..,..,..,..,..,..
Romania,ROU,"Adult literacy rate, population 15+ years, adjusted location parity index (LPIA)",UIS.LR.AG15T99.LPIA,..,..,..,..,..,..,..,..,..,..,..,..,0.95293,..,..,..,..,..,..,..,..,..,0.96576,..,..,..,..,..,..,..,..,0.98449,..,..,..,..,..,..,..,..,..
Russian Federation,RUS,"Adult literacy rate, population 15+ years, adjusted location parity index (LPIA)",UIS.LR.AG15T99.LPIA,..,..,..,..,..,..,..,..,..,..,..,..,..,..,..,..,..,..,..,..,..,..,0.98956,..,..,..,..,..,..,..,0.99438,..,..,..,..,..,..,..,..,..,..
Rwanda,RWA,"Adult literacy rate, population 15+ years, adjusted location parity index (LPIA)",UIS.LR.AG15T99.LPIA,..,..,..,..,..,..,..,..,..,..,..,..,..,..,..,..,..,..,..,..,..,..,..,..,..,..,..,..,..,..,..,..,0.79115,..,0.77353,..,..,..,0.80236,..,..
Samoa,WSM,"Adult literacy rate, population 15+ years, adjusted location parity index (LPIA)",UIS.LR.AG15T99.LPIA,..,..,..,..,..,..,..,..,..,..,..,..,..,..,..,..,..,..,..,..,..,..,..,..,..,..,..,..,..,..,..,0.99433,..,..,..,..,..,..,..,..,..
San Marino,SMR,"Adult literacy rate, population 15+ years, adjusted location parity index (LPIA)",UIS.LR.AG15T99.LPIA,..,..,..,..,..,..,..,..,..,..,..,..,..,..,..,..,..,..,..,..,..,..,..,..,..,..,..,..,..,..,..,..,..,..,..,..,..,..,..,..,..
Sao Tome and Principe,STP,"Adult literacy rate, population 15+ years, adjusted location parity index (LPIA)",UIS.LR.AG15T99.LPIA,..,..,..,..,..,..,..,..,..,..,..,..,..,..,..,..,..,..,..,..,..,..,..,..,..,..,..,..,..,..,..,..,0.95858,..,..,..,..,..,..,..,..
Saudi Arabia,SAU,"Adult literacy rate, population 15+ years, adjusted location parity index (LPIA)",UIS.LR.AG15T99.LPIA,..,..,..,..,..,..,..,..,..,..,..,..,..,..,..,..,..,..,..,..,..,..,..,..,..,..,..,..,..,..,..,..,..,..,..,..,..,..,..,..,..
Senegal,SEN,"Adult literacy rate, population 15+ years, adjusted location parity index (LPIA)",UIS.LR.AG15T99.LPIA,..,..,..,..,..,..,..,..,..,..,..,..,..,..,..,..,..,..,..,..,..,..,0.4236,..,..,..,0.44028,..,..,0.47411,..,0.58774,..,0.54364,..,..,..,0.70064,..,..,..
Serbia,SRB,"Adult literacy rate, population 15+ years, adjusted location parity index (LPIA)",UIS.LR.AG15T99.LPIA,..,..,..,..,..,..,..,..,..,..,..,..,..,..,..,..,..,..,..,..,..,..,..,0.95329,..,..,..,..,..,..,..,0.97571,..,..,..,..,0.98809,..,..,..,..
Seychelles,SYC,"Adult literacy rate, population 15+ years, adjusted location parity index (LPIA)",UIS.LR.AG15T99.LPIA,..,..,..,..,..,..,..,..,..,..,..,..,..,..,..,..,..,..,..,..,..,..,..,..,..,..,..,..,..,..,..,..,..,..,..,..,..,..,..,..,..
Sierra Leone,SLE,"Adult literacy rate, population 15+ years, adjusted location parity index (LPIA)",UIS.LR.AG15T99.LPIA,..,..,..,..,..,..,..,..,..,..,..,..,..,..,..,..,..,..,..,..,..,..,..,..,0.38499,..,..,..,..,..,..,..,..,..,..,..,..,..,..,..,..
Singapore,SGP,"Adult literacy rate, population 15+ years, adjusted location parity index (LPIA)",UIS.LR.AG15T99.LPIA,..,..,..,..,..,..,..,..,..,..,..,..,..,..,..,..,..,..,..,..,..,..,..,..,..,..,..,..,..,..,..,..,..,..,..,..,..,..,..,..,..
Sint Maarten (Dutch part),SXM,"Adult literacy rate, population 15+ years, adjusted location parity index (LPIA)",UIS.LR.AG15T99.LPIA,..,..,..,..,..,..,..,..,..,..,..,..,..,..,..,..,..,..,..,..,..,..,..,..,..,..,..,..,..,..,..,..,..,..,..,..,..,..,..,..,..
Slovak Republic,SVK,"Adult literacy rate, population 15+ years, adjusted location parity index (LPIA)",UIS.LR.AG15T99.LPIA,..,..,..,..,..,..,..,..,..,..,..,..,..,..,..,..,..,..,..,..,..,..,..,..,..,..,..,..,..,..,..,..,..,..,..,..,..,..,..,..,..
Slovenia,SVN,"Adult literacy rate, population 15+ years, adjusted location parity index (LPIA)",UIS.LR.AG15T99.LPIA,..,..,..,..,..,..,..,..,..,..,..,..,..,..,..,..,..,..,..,..,..,..,..,..,..,..,..,..,..,..,..,..,..,..,..,..,..,..,..,..,..
Small states,SST,"Adult literacy rate, population 15+ years, adjusted location parity index (LPIA)",UIS.LR.AG15T99.LPIA,..,..,..,..,..,..,..,..,..,..,..,..,..,..,..,..,..,..,..,..,..,..,..,..,..,..,..,..,..,..,..,..,..,..,..,..,..,..,..,..,..
Solomon Islands,SLB,"Adult literacy rate, population 15+ years, adjusted location parity index (LPIA)",UIS.LR.AG15T99.LPIA,..,..,..,..,..,..,..,..,..,..,..,..,..,..,..,..,..,..,..,..,..,..,..,..,..,..,..,..,..,..,..,..,..,..,..,..,..,..,..,..,..
Somalia,SOM,"Adult literacy rate, population 15+ years, adjusted location parity index (LPIA)",UIS.LR.AG15T99.LPIA,..,..,..,..,..,..,..,..,..,..,..,..,..,..,..,..,..,..,..,..,..,..,..,..,..,..,..,..,..,..,..,..,..,..,..,..,..,..,..,..,..
South Africa,ZAF,"Adult literacy rate, population 15+ years, adjusted location parity index (LPIA)",UIS.LR.AG15T99.LPIA,..,..,..,..,..,..,..,..,..,..,..,..,..,..,..,..,0.78578,..,..,..,..,..,..,..,..,..,..,..,..,0.90017,0.89687,0.90225,0.90283,..,0.91165,0.91136,..,0.84708,..,..,..
South Asia,SAS,"Adult literacy rate, population 15+ years, adjusted location parity index (LPIA)",UIS.LR.AG15T99.LPIA,..,..,..,..,..,..,..,..,..,..,..,..,..,..,..,..,..,..,..,..,..,..,..,..,..,..,..,..,..,..,..,..,..,..,..,..,..,..,..,..,..
South Asia (IDA & IBRD),TSA,"Adult literacy rate, population 15+ years, adjusted location parity index (LPIA)",UIS.LR.AG15T99.LPIA,..,..,..,..,..,..,..,..,..,..,..,..,..,..,..,..,..,..,..,..,..,..,..,..,..,..,..,..,..,..,..,..,..,..,..,..,..,..,..,..,..
South Sudan,SSD,"Adult literacy rate, population 15+ years, adjusted location parity index (LPIA)",UIS.LR.AG15T99.LPIA,..,..,..,..,..,..,..,..,..,..,..,..,..,..,..,..,..,..,..,..,..,..,..,..,..,..,..,..,0.46039,..,..,..,..,..,..,..,..,..,..,..,..
Spain,ESP,"Adult literacy rate, population 15+ years, adjusted location parity index (LPIA)",UIS.LR.AG15T99.LPIA,..,..,..,..,..,..,..,..,..,..,..,..,..,..,..,..,..,..,..,..,..,..,..,..,0.98073,0.98321,0.98316,0.98689,0.9866,0.98777,0.98892,0.99271,0.9939,0.99284,0.99126,0.99137,0.99243,..,0.99352,..,..
Sri Lanka,LKA,"Adult literacy rate, population 15+ years, adjusted location parity index (LPIA)",UIS.LR.AG15T99.LPIA,..,0.90755,..,..,..,..,..,..,..,..,..,..,..,..,..,..,..,..,..,..,..,0.9723,..,..,..,..,0.96895,..,0.96911,..,0.97199,..,..,..,..,..,0.97105,0.96974,0.97153,..,..
St. Kitts and Nevis,KNA,"Adult literacy rate, population 15+ years, adjusted location parity index (LPIA)",UIS.LR.AG15T99.LPIA,..,..,..,..,..,..,..,..,..,..,..,..,..,..,..,..,..,..,..,..,..,..,..,..,..,..,..,..,..,..,..,..,..,..,..,..,..,..,..,..,..
St. Lucia,LCA,"Adult literacy rate, population 15+ years, adjusted location parity index (LPIA)",UIS.LR.AG15T99.LPIA,..,..,..,..,..,..,..,..,..,..,..,..,..,..,..,..,..,..,..,..,..,..,..,..,..,..,..,..,..,..,..,..,..,..,..,..,..,..,..,..,..
St. Martin (French part),MAF,"Adult literacy rate, population 15+ years, adjusted location parity index (LPIA)",UIS.LR.AG15T99.LPIA,..,..,..,..,..,..,..,..,..,..,..,..,..,..,..,..,..,..,..,..,..,..,..,..,..,..,..,..,..,..,..,..,..,..,..,..,..,..,..,..,..
St. Vincent and the Grenadines,VCT,"Adult literacy rate, population 15+ years, adjusted location parity index (LPIA)",UIS.LR.AG15T99.LPIA,..,..,..,..,..,..,..,..,..,..,..,..,..,..,..,..,..,..,..,..,..,..,..,..,..,..,..,..,..,..,..,..,..,..,..,..,..,..,..,..,..
Sub-Saharan Africa,SSF,"Adult literacy rate, population 15+ years, adjusted location parity index (LPIA)",UIS.LR.AG15T99.LPIA,..,..,..,..,..,..,..,..,..,..,..,..,..,..,..,..,..,..,..,..,..,..,..,..,..,..,..,..,..,..,..,..,..,..,..,..,..,..,..,..,..
Sub-Saharan Africa (excluding high income),SSA,"Adult literacy rate, population 15+ years, adjusted location parity index (LPIA)",UIS.LR.AG15T99.LPIA,..,..,..,..,..,..,..,..,..,..,..,..,..,..,..,..,..,..,..,..,..,..,..,..,..,..,..,..,..,..,..,..,..,..,..,..,..,..,..,..,..
Sub-Saharan Africa (IDA & IBRD countries),TSS,"Adult literacy rate, population 15+ years, adjusted location parity index (LPIA)",UIS.LR.AG15T99.LPIA,..,..,..,..,..,..,..,..,..,..,..,..,..,..,..,..,..,..,..,..,..,..,..,..,..,..,..,..,..,..,..,..,..,..,..,..,..,..,..,..,..
Sudan,SDN,"Adult literacy rate, population 15+ years, adjusted location parity index (LPIA)",UIS.LR.AG15T99.LPIA,..,..,..,..,..,..,..,..,..,..,..,..,..,..,..,..,..,..,..,..,..,..,..,..,..,..,..,..,0.82688,..,..,..,..,..,..,..,..,..,..,..,..
Suriname,SUR,"Adult literacy rate, population 15+ years, adjusted location parity index (LPIA)",UIS.LR.AG15T99.LPIA,..,..,..,..,..,..,..,..,..,..,..,..,..,..,..,..,..,..,..,..,..,..,..,..,..,..,..,..,..,..,..,..,0.8876,..,..,..,..,..,..,..,..
Sweden,SWE,"Adult literacy rate, population 15+ years, adjusted location parity index (LPIA)",UIS.LR.AG15T99.LPIA,..,..,..,..,..,..,..,..,..,..,..,..,..,..,..,..,..,..,..,..,..,..,..,..,..,..,..,..,..,..,..,..,..,..,..,..,..,..,..,..,..
Switzerland,CHE,"Adult literacy rate, population 15+ years, adjusted location parity index (LPIA)",UIS.LR.AG15T99.LPIA,..,..,..,..,..,..,..,..,..,..,..,..,..,..,..,..,..,..,..,..,..,..,..,..,..,..,..,..,..,..,..,..,..,..,..,..,..,..,..,..,..
Syrian Arab Republic,SYR,"Adult literacy rate, population 15+ years, adjusted location parity index (LPIA)",UIS.LR.AG15T99.LPIA,..,..,..,..,..,..,..,..,..,..,..,..,..,..,..,..,..,..,..,..,..,..,0.87291,..,0.86053,..,..,..,..,..,..,..,..,..,..,..,..,..,..,..,..
Tajikistan,TJK,"Adult literacy rate, population 15+ years, adjusted location parity index (LPIA)",UIS.LR.AG15T99.LPIA,..,..,..,..,..,..,..,..,..,..,..,..,..,..,..,..,..,..,..,..,0.99934,..,..,..,..,..,..,..,..,..,..,..,..,..,..,..,..,..,..,..,..
Tanzania,TZA,"Adult literacy rate, population 15+ years, adjusted location parity index (LPIA)",UIS.LR.AG15T99.LPIA,..,..,..,..,..,..,..,..,0.68848,..,..,..,..,..,..,..,..,..,..,..,..,..,0.7213,..,..,..,..,..,..,..,..,..,0.7699,..,..,0.77005,..,..,..,..,..
Thailand,THA,"Adult literacy rate, population 15+ years, adjusted location parity index (LPIA)",UIS.LR.AG15T99.LPIA,..,..,..,..,..,..,..,..,..,..,..,..,..,..,..,..,..,..,..,..,0.9603,..,..,..,..,0.96039,..,..,..,..,0.99721,..,..,0.9596,..,0.95749,..,..,0.96033,..,..
Timor-Leste,TLS,"Adult literacy rate, population 15+ years, adjusted location parity index (LPIA)",UIS.LR.AG15T99.LPIA,..,..,..,..,..,..,..,..,..,..,..,..,..,..,..,..,..,..,..,..,..,..,..,..,..,..,..,..,..,..,0.55323,..,..,..,..,..,..,..,..,..,..
Togo,TGO,"Adult literacy rate, population 15+ years, adjusted location parity index (LPIA)",UIS.LR.AG15T99.LPIA,..,..,..,..,..,..,..,..,..,..,..,..,..,..,..,..,..,..,..,..,..,..,..,..,..,..,..,..,..,0.59821,..,0.60975,..,..,..,0.61682,..,..,..,..,..
Tokelau,TKL,"Adult literacy rate, population 15+ years, adjusted location parity index (LPIA)",UIS.LR.AG15T99.LPIA,..,..,..,..,..,..,..,..,..,..,..,..,..,..,..,..,..,..,..,..,..,..,..,..,..,..,..,..,..,..,..,..,..,..,..,..,..,..,..,..,..
Tonga,TON,"Adult literacy rate, population 15+ years, adjusted location parity index (LPIA)",UIS.LR.AG15T99.LPIA,..,..,..,..,..,..,..,..,..,..,..,..,..,..,..,..,0.9973,..,..,..,..,..,..,..,..,..,1.00534,..,..,..,..,0.99956,..,..,..,..,..,..,..,..,..
Trinidad and Tobago,TTO,"Adult literacy rate, population 15+ years, adjusted location parity index (LPIA)",UIS.LR.AG15T99.LPIA,..,..,..,..,..,..,..,..,..,..,..,..,..,..,..,..,..,..,..,..,..,..,..,..,..,..,..,..,..,..,..,..,..,..,..,..,..,..,..,..,..
Tunisia,TUN,"Adult literacy rate, population 15+ years, adjusted location parity index (LPIA)",UIS.LR.AG15T99.LPIA,..,..,..,..,..,..,..,..,..,..,..,..,..,..,..,..,..,..,..,..,..,..,..,..,..,..,..,0.75607,0.75585,..,0.77074,0.77751,..,..,0.74935,..,..,..,..,..,..
Turkey,TUR,"Adult literacy rate, population 15+ years, adjusted location parity index (LPIA)",UIS.LR.AG15T99.LPIA,..,..,..,..,..,0.80605,..,..,..,..,0.82566,..,..,..,..,..,..,..,..,..,..,..,..,..,0.90205,0.90984,0.90596,0.90246,..,0.8991,0.9223,0.9414,0.95141,0.95432,0.95407,0.95429,..,..,..,..,..
Turkmenistan,TKM,"Adult literacy rate, population 15+ years, adjusted location parity index (LPIA)",UIS.LR.AG15T99.LPIA,..,..,..,..,..,..,..,..,..,..,..,..,..,..,..,0.99859,..,..,..,..,..,..,..,..,..,..,..,..,..,..,..,..,..,..,..,..,..,..,..,..,..
Turks and Caicos Islands,TCA,"Adult literacy rate, population 15+ years, adjusted location parity index (LPIA)",UIS.LR.AG15T99.LPIA,..,..,..,..,..,..,..,..,..,..,..,..,..,..,..,..,..,..,..,..,..,..,..,..,..,..,..,..,..,..,..,..,..,..,..,..,..,..,..,..,..
Tuvalu,TUV,"Adult literacy rate, population 15+ years, adjusted location parity index (LPIA)",UIS.LR.AG15T99.LPIA,..,..,..,..,..,..,..,..,..,..,..,..,..,..,..,..,..,..,..,..,..,..,..,..,..,..,..,..,..,..,..,..,..,..,..,..,..,..,..,..,..
Uganda,UGA,"Adult literacy rate, population 15+ years, adjusted location parity index (LPIA)",UIS.LR.AG15T99.LPIA,..,..,..,..,..,..,..,..,..,..,..,0.63241,..,..,..,..,..,..,..,..,..,..,0.74221,..,..,..,0.78165,..,..,..,0.7776,..,0.77962,..,..,..,..,..,..,..,..
Ukraine,UKR,"Adult literacy rate, population 15+ years, adjusted location parity index (LPIA)",UIS.LR.AG15T99.LPIA,..,..,..,..,..,..,..,..,..,..,..,..,..,..,..,..,..,..,..,..,..,0.99135,..,..,..,..,..,..,..,..,..,..,..,..,..,..,..,..,..,..,..
United Arab Emirates,ARE,"Adult literacy rate, population 15+ years, adjusted location parity index (LPIA)",UIS.LR.AG15T99.LPIA,..,..,..,..,..,..,..,..,..,..,..,..,..,..,..,..,..,..,..,..,..,..,..,..,..,0.85054,..,..,..,..,..,..,..,..,..,..,..,..,..,..,..
United Kingdom,GBR,"Adult literacy rate, population 15+ years, adjusted location parity index (LPIA)",UIS.LR.AG15T99.LPIA,..,..,..,..,..,..,..,..,..,..,..,..,..,..,..,..,..,..,..,..,..,..,..,..,..,..,..,..,..,..,..,..,..,..,..,..,..,..,..,..,..
United States,USA,"Adult literacy rate, population 15+ years, adjusted location parity index (LPIA)",UIS.LR.AG15T99.LPIA,..,..,..,..,..,..,..,..,..,..,..,..,..,..,..,..,..,..,..,..,..,..,..,..,..,..,..,..,..,..,..,..,..,..,..,..,..,..,..,..,..
Upper middle income,UMC,"Adult literacy rate, population 15+ years, adjusted location parity index (LPIA)",UIS.LR.AG15T99.LPIA,..,..,..,..,..,..,..,..,..,..,..,..,..,..,..,..,..,..,..,..,..,..,..,..,..,..,..,..,..,..,..,..,..,..,..,..,..,..,..,..,..
Uruguay,URY,"Adult literacy rate, population 15+ years, adjusted location parity index (LPIA)",UIS.LR.AG15T99.LPIA,..,..,..,..,..,0.94979,..,..,..,..,..,..,..,..,..,..,0.96163,..,..,..,..,..,..,..,..,..,0.9873,0.98632,0.98797,1.01174,0.98918,0.98121,0.98937,0.98644,0.98577,0.98908,0.98535,0.9894,0.99011,..,..
Uzbekistan,UZB,"Adult literacy rate, population 15+ years, adjusted location parity index (LPIA)",UIS.LR.AG15T99.LPIA,..,..,..,..,..,..,..,..,..,..,..,..,..,..,..,..,..,..,..,..,..,..,..,..,..,..,..,..,..,..,..,..,..,1.00001,0.99992,0.99992,0.9999,..,0.99991,..,..
Vanuatu,VUT,"Adult literacy rate, population 15+ years, adjusted location parity index (LPIA)",UIS.LR.AG15T99.LPIA,..,..,..,..,..,..,..,..,..,..,..,..,..,..,..,..,..,..,..,..,..,..,..,..,..,..,..,..,..,..,..,..,..,..,..,..,..,..,..,..,..
"Venezuela, RB",VEN,"Adult literacy rate, population 15+ years, adjusted location parity index (LPIA)",UIS.LR.AG15T99.LPIA,..,0.67599,..,..,..,..,..,..,..,..,..,..,..,..,..,..,..,..,..,..,..,..,..,..,..,..,..,..,..,..,..,0.87485,..,..,..,..,..,..,..,..,..
Vietnam,VNM,"Adult literacy rate, population 15+ years, adjusted location parity index (LPIA)",UIS.LR.AG15T99.LPIA,..,..,..,..,..,..,..,..,..,..,..,..,..,..,..,..,..,..,..,0.93427,..,..,..,..,..,..,..,..,..,0.94889,..,..,..,..,..,..,..,..,..,..,..
Virgin Islands (U.S.),VIR,"Adult literacy rate, population 15+ years, adjusted location parity index (LPIA)",UIS.LR.AG15T99.LPIA,..,..,..,..,..,..,..,..,..,..,..,..,..,..,..,..,..,..,..,..,..,..,..,..,..,..,..,..,..,..,..,..,..,..,..,..,..,..,..,..,..
West Bank and Gaza,PSE,"Adult literacy rate, population 15+ years, adjusted location parity index (LPIA)",UIS.LR.AG15T99.LPIA,..,..,..,..,..,..,..,..,..,..,..,..,..,..,..,..,..,..,..,..,..,..,..,..,0.95877,..,0.95505,0.96981,0.97779,0.97703,0.98696,0.9871,0.98923,0.99041,0.98206,0.98103,0.98384,..,0.98908,..,..
World,WLD,"Adult literacy rate, population 15+ years, adjusted location parity index (LPIA)",UIS.LR.AG15T99.LPIA,..,..,..,..,..,..,..,..,..,..,..,..,..,..,..,..,..,..,..,..,..,..,..,..,..,..,..,..,..,..,..,..,..,..,..,..,..,..,..,..,..
"Yemen, Rep.",YEM,"Adult literacy rate, population 15+ years, adjusted location parity index (LPIA)",UIS.LR.AG15T99.LPIA,..,..,..,..,..,..,..,..,..,..,..,..,..,..,0.48938,..,..,..,..,..,..,..,..,..,..,..,..,..,..,..,..,..,..,..,..,..,..,..,..,..,..
Zambia,ZMB,"Adult literacy rate, population 15+ years, adjusted location parity index (LPIA)",UIS.LR.AG15T99.LPIA,..,..,..,..,..,..,..,..,..,..,0.64168,..,..,..,..,..,..,..,..,..,..,..,..,..,..,..,..,..,..,..,0.79025,..,..,..,..,..,..,..,..,..,..
Zimbabwe,ZWE,"Adult literacy rate, population 15+ years, adjusted location parity index (LPIA)",UIS.LR.AG15T99.LPIA,..,..,..,..,..,..,..,..,..,..,..,..,..,..,..,..,..,..,..,..,..,..,..,..,..,..,..,..,..,..,..,..,..,..,..,..,..,..,..,..,..
,,,,,,,,,,,,,,,,,,,,,,,,,,,,,,,,,,,,,,,,,,,,
,,,,,,,,,,,,,,,,,,,,,,,,,,,,,,,,,,,,,,,,,,,,
,,,,,,,,,,,,,,,,,,,,,,,,,,,,,,,,,,,,,,,,,,,,
Data from database: Education Statistics - All Indicators,,,,,,,,,,,,,,,,,,,,,,,,,,,,,,,,,,,,,,,,,,,,
Last Updated: 12/20/2020,,,,,,,,,,,,,,,,,,,,,,,,,,,,,,,,,,,,,,,,,,,,
